model,running_time_total,power_draw_total,n_tokens_in,n_tokens_out,running_time,power_draw
llama3.2:3b,1798.2594592571259,586532.900316,110335,362588,2.5256453079454015,823.7821633651686
