model,running_time_total,power_draw_total,n_tokens_in,n_tokens_out,running_time,power_draw
llama3.2:3b,1799.1992559432983,655505.849076,91613,359988,2.8068631137960973,1022.6300297597504
