model,running_time_total,power_draw_total,n_tokens_in,n_tokens_out,running_time,power_draw
qwen3:4b,1790.5307404994965,601354.360897,12890,264253,20.118322926960634,6756.790571876404
