model,running_time_total,power_draw_total,n_tokens_in,n_tokens_out,running_time,power_draw
qwen3:4b,28.51826000213623,11599.504730999999,70,5054,14.259130001068115,5799.7523654999995
