model,running_time_total,power_draw_total,n_tokens_in,n_tokens_out,running_time,power_draw
gemma3:4b,19.918481826782227,8188.2794539999995,108,3304,6.639493942260742,2729.4264846666665
