model,running_time_total,power_draw_total,n_tokens_in,n_tokens_out,running_time,power_draw
gemma3:4b,3622.826839478,654208.228051048,32942.684824902724,245095,14.041964494100775,5066.7795269416565
