model,running_time_total,power_draw_total,n_tokens_in,n_tokens_out,running_time,power_draw
gemma3:270m,5423.576047633999,425861.212525626,31364.212500000005,622542,22.319242994378598,7132.058973154624
