model,running_time_total,power_draw_total,n_tokens_in,n_tokens_out,running_time,power_draw
deepseek-r1:1.5b,120.32506929600004,23258.010617199718,56,1808,60.16253464800002,11629.005308599859
