model,running_time_total,power_draw_total,n_tokens_in,n_tokens_out,running_time,power_draw
deepseek-r1:1.5b,86.53147302800016,29862.515129627518,51,24348,86.53147302800016,29862.515129627518
