model,running_time_total,power_draw_total,n_tokens_in,n_tokens_out,running_time,power_draw
phi3:3.8b,14411.784555918,4859097.646436819,432829,369176,5.483936284595891,1848.9717071677394
