model,running_time_total,power_draw_total,n_tokens_in,n_tokens_out,running_time,power_draw
qwen3:4b,7212.932887610999,2393225.5565859,8243,263762,80.14369875123333,26591.395073176667
