model,running_time_total,power_draw_total,n_tokens_in,n_tokens_out,running_time,power_draw
qwen3:0.6b,9004.391870141999,2900809.588883291,15040,515459,68.73581580261067,22143.584647964053
